cover,title,author,shelf,isbn,isbn13,asin,pages,avg_rating,num_ratings,date_pub,date_pub_edition,review,comments,read_count,date_started,date_read,goodreads_id,goodreads_url,rating_numeric
https://s.gr-assets.com/assets/nophoto/book/50x75-a91bf249278a81aabab721ef782c4a74.png,The miracles of life,"Zweig, Stefan",read,,,B0DV7YQ5VZ,,3.53,1648,1903,1903,Write a review,0,"May 18, 2025[edit]",,2025-05-18,24959777,https://www.goodreads.com/book/show/24959777-the-miracles-of-life,
https://i.gr-assets.com/images/S/compressed.photo.goodreads.com/books/1737312514l/176444106.jpg,Abundance,"Klein, Ezra",read,1668023482,9781668023488,1668023482,304.0,4.12,9492,2025,2025,Write a review,0,"Mar 30, 2025[edit]",,2025-03-30,176444106,https://www.goodreads.com/book/show/176444106-abundance,
https://i.gr-assets.com/images/S/compressed.photo.goodreads.com/books/1555447414l/44767458.jpg,"Dune(Dune, #1)","Herbert, Frank",read,059309932X,9780593099322,059309932X,658.0,4.28,1548576,1965,2019,Write a review,1,"Dec 21, 2024[edit]",,2024-12-21,44767458,https://www.goodreads.com/book/show/44767458-dune,5.0
https://i.gr-assets.com/images/S/compressed.photo.goodreads.com/books/1585073864l/52675128.jpg,Fantastic Night,"Zweig, Stefan",read,6057972163,9786057972163,6057972163,79.0,3.92,19554,1922,2018,Write a review,0,Dec 2024[edit],,2024-12-01,52675128,https://www.goodreads.com/book/show/52675128-fantastic-night,
https://s.gr-assets.com/assets/nophoto/book/50x75-a91bf249278a81aabab721ef782c4a74.png,Did he do it?,"Zweig, Stefan",read,,,B0DV9CQ15H,,3.90,3707,1935,,Write a review,0,"Oct 31, 2024[edit]",,2024-10-31,40945661,https://www.goodreads.com/book/show/40945661-did-he-do-it,
https://i.gr-assets.com/images/S/compressed.photo.goodreads.com/books/1646444605l/485894.jpg,The Metamorphosis,"Kafka, Franz",read,0553213695,9780553213690,0553213695,201.0,3.89,1308507,1915,1972,Write a review,0,"Oct 20, 2024[edit]",,2024-10-17,485894,https://www.goodreads.com/book/show/485894.The_Metamorphosis,
https://i.gr-assets.com/images/S/compressed.photo.goodreads.com/books/1328309104l/7682.jpg,The Great Train Robbery,"Crichton, Michael",read,0553129198,9780553129199,0553129198,300.0,3.89,33741,1975,1979,Write a review,0,"May 17, 2024[edit]",,2024-05-12,7682,https://www.goodreads.com/book/show/7682.The_Great_Train_Robbery,
https://i.gr-assets.com/images/S/compressed.photo.goodreads.com/books/1388264944l/26901.jpg,Seeing Is Forgetting the Name of the Thing One Sees: A Life of Contemporary Artist Robert Irwin,"Weschler, Lawrence",read,0520049209,9780520049208,0520049209,215.0,4.34,2430,1982,1982,Write a review,0,"Mar 29, 2024[edit]",,2024-03-24,26901,https://www.goodreads.com/book/show/26901.Seeing_Is_Forgetting_the_Name_of_the_Thing_One_Sees,
https://i.gr-assets.com/images/S/compressed.photo.goodreads.com/books/1481283595l/33297733.jpg,Amok Koşucusu,"Zweig, Stefan",read,,,B0DM1WJB7S,64.0,3.98,23658,1922,2016,Write a review,0,"Mar 23, 2024[edit]",,2024-03-23,33297733,https://www.goodreads.com/book/show/33297733-amok-ko-ucusu,
https://i.gr-assets.com/images/S/compressed.photo.goodreads.com/books/1172512419l/182163.jpg,Twenty-Four Hours in the Life of a Woman,"Zweig, Stefan",read,1901285480,9781901285482,1901285480,112.0,3.90,38044,1925,2003,"Every time I finish a Zweig novel, I bring the book to my lap, leaving myself speechless at what I just read. I didn't appreciate the phrase ""hangingEvery time I finish a Zweig novel, I bring the book to my lap, leaving myself speechless at what I just read. I didn't appreciate the phrase ""hanging on to every word"" until my first introduction to Zweig, Chess Story. 24hrs carries on that appreciation!Zweig takes Chess Story, Letter from an Unknown Woman, and this novella into a common setup: he places you in the role of an unbeknown character who meets an impressionable stranger. From that point on, the stranger recalls an epic adventure to us. Vices, obsessions, and confessions all come out in great detail, all of which I can greatly empathize with, despite someone reading this almost 100 years after publication. The title of this book lives up to expectations, as a woman recounts a day in her life in a near hour-by-hour refrain. The story brought back feelings of my first love, heartbreak, addiction, and recognition of mortality.I implore anyone I meet to read a Zweig novella or two! Read Chess Story, then this one. They're no longer than 100 pages, and everyone I've ever known who read them did so in less than two days. He's that good!...more[edit]",1,"Mar 15, 2024[edit]",,2024-03-15,182163,https://www.goodreads.com/book/show/182163.Twenty_Four_Hours_in_the_Life_of_a_Woman,5.0
https://i.gr-assets.com/images/S/compressed.photo.goodreads.com/books/1320552628l/414999.jpg,Childhood’s End,"Clarke, Arthur C.",read,,,,224.0,4.12,168790,1953,1987,Write a review,0,"Mar 08, 2024[edit]",,2024-03-06,414999,https://www.goodreads.com/book/show/414999.Childhood_s_End,5.0
https://i.gr-assets.com/images/S/compressed.photo.goodreads.com/books/1347488145l/6659874.jpg,Behind the Cloud: The Untold Story of How Salesforce.com Went from Idea to Billion-Dollar Company-and Revolutionized an Industry,"Benioff, Marc",read,0470521163,9780470521168,0470521163,304.0,3.78,4760,2009,2009,Write a review,0,"Feb 03, 2024[edit]",,2024-02-01,6659874,https://www.goodreads.com/book/show/6659874-behind-the-cloud,
https://i.gr-assets.com/images/S/compressed.photo.goodreads.com/books/1656075543l/59563188.jpg,Knee Ability Zero,"Patrick, Ben",read,,9798985135800,B09KNGDYGL,98.0,4.39,651,,2021,Write a review,0,not set[edit],,2023-12-31,59563188,https://www.goodreads.com/book/show/59563188-knee-ability-zero,
https://i.gr-assets.com/images/S/compressed.photo.goodreads.com/books/1505590203l/36223860.jpg,"Artificial Condition(The Murderbot Diaries, #2)","Wells, Martha",read,,,,158.0,4.26,182006,2018,2018,Write a review,0,"Dec 21, 2023[edit]",,2023-12-21,36223860,https://www.goodreads.com/book/show/36223860-artificial-condition,
https://i.gr-assets.com/images/S/compressed.photo.goodreads.com/books/1631585309l/32758901.jpg,"All Systems Red(The Murderbot Diaries, #1)","Wells, Martha",read,,,,144.0,4.13,314882,2017,2017,Write a review,0,"Dec 20, 2023[edit]",,2023-12-20,32758901,https://www.goodreads.com/book/show/32758901-all-systems-red,
https://i.gr-assets.com/images/S/compressed.photo.goodreads.com/books/1608039721l/52710961.jpg,Jews Don't Count,"Baddiel, David",read,0008399476,9780008399474,0008399476,144.0,4.20,12537,2021,2021,Write a review,0,"Dec 08, 2023[edit]",,2023-12-04,52710961,https://www.goodreads.com/book/show/52710961-jews-don-t-count,
https://i.gr-assets.com/images/S/compressed.photo.goodreads.com/books/1626719638l/57924373.jpg,"Sapiens: A Graphic History, Volume 2 - The Pillars of Civilization","Vandermeulen, David",read,0063212234,9780063212237,0063212234,256.0,4.25,4850,2021,2021,Write a review,0,"Dec 03, 2023[edit]",,2023-12-03,57924373,https://www.goodreads.com/book/show/57924373-sapiens,
https://i.gr-assets.com/images/S/compressed.photo.goodreads.com/books/1706941489l/25383991.jpg,Bilinmeyen Bir Kadının Mektubu,"Zweig, Stefan",read,6053606618,9786053606611,6053606618,68.0,4.10,61600,1922,2012,Write a review,0,"Nov 24, 2023[edit]",,2023-11-24,25383991,https://www.goodreads.com/book/show/25383991-bilinmeyen-bir-kad-n-n-mektubu,5.0
https://i.gr-assets.com/images/S/compressed.photo.goodreads.com/books/1329189714l/2165.jpg,The Old Man and the Sea,"Hemingway, Ernest",read,0684830493,9780684830490,0684830493,96.0,3.81,1250014,1952,1996,"Hemingway puts on paper a tragedy that many of us go through, or at the very least, think about: how many acts of heroism go unseen? Why does man go tHemingway puts on paper a tragedy that many of us go through, or at the very least, think about: how many acts of heroism go unseen? Why does man go through the pain he goes through, and what is its meaning if nobody is there to recognize it? A thoughtful weekend read....more[edit]",0,"Nov 24, 2023[edit]",,2023-11-03,2165,https://www.goodreads.com/book/show/2165.The_Old_Man_and_the_Sea,4.0
https://i.gr-assets.com/images/S/compressed.photo.goodreads.com/books/1313714836l/10799.jpg,A Farewell to Arms,"Hemingway, Ernest",read,0099910101,9780099910107,0099910101,293.0,3.82,341297,1929,2004,Write a review,0,"Nov 03, 2023[edit]",,2023-11-01,10799,https://www.goodreads.com/book/show/10799.A_Farewell_to_Arms,
https://i.gr-assets.com/images/S/compressed.photo.goodreads.com/books/1594616346l/54110137.jpg,"Sapiens: A Graphic History, Volume 1 - The Birth of Humankind","Vandermeulen, David",read,0063055082,9780063055087,0063055082,248.0,4.36,16988,2020,2020,Write a review,0,not set[edit],,2023-09-27,54110137,https://www.goodreads.com/book/show/54110137-sapiens,
https://i.gr-assets.com/images/S/compressed.photo.goodreads.com/books/1630663027l/18050143.jpg,"Zero to One: Notes on Startups, or How to Build the Future","Thiel, Peter",read,0804139296,9780804139298,0804139296,195.0,4.15,375669,2014,2014,Write a review,0,"Sep 22, 2023[edit]",,2023-09-22,18050143,https://www.goodreads.com/book/show/18050143-zero-to-one,
https://i.gr-assets.com/images/S/compressed.photo.goodreads.com/books/1684820892l/65211790.jpg,Misfit: Growing Up Awkward in the '80s,"Gulman, Gary",read,1250777062,9781250777065,1250777062,289.0,4.12,3388,,2023,"“You will always be the same person the bus driver was so happy to see on the first day of school.”This book made me feel a little less alone. It give“You will always be the same person the bus driver was so happy to see on the first day of school.”This book made me feel a little less alone. It gives you that feeling that everyone in the world is as confused, insecure, and anxious as you. But as Gary suggests, just say “I’ll figure it out.” And then, you do....more[edit]",0,"Oct 16, 2023[edit]",,2023-09-22,65211790,https://www.goodreads.com/book/show/65211790-misfit,4.0
https://i.gr-assets.com/images/S/compressed.photo.goodreads.com/books/1546071216l/5907.jpg,"The Hobbit, or There and Back Again","Tolkien, J.R.R.",read,,,B0DN8P5BQF,366.0,4.29,4307039,1937,2002,Write a review,0,"Jul 09, 2023[edit]",,2023-06-08,5907,https://www.goodreads.com/book/show/5907.The_Hobbit_or_There_and_Back_Again,
https://i.gr-assets.com/images/S/compressed.photo.goodreads.com/books/1636978687l/58784475.jpg,"Tomorrow, and Tomorrow, and Tomorrow","Zevin, Gabrielle",read,0735243344,9780735243347,0735243344,401.0,4.13,1212071,2022,2022,Write a review,0,"Aug 05, 2023[edit]",,2023-04-28,58784475,https://www.goodreads.com/book/show/58784475-tomorrow-and-tomorrow-and-tomorrow,
https://i.gr-assets.com/images/S/compressed.photo.goodreads.com/books/1327934446l/4980.jpg,Breakfast of Champions,"Vonnegut, Kurt Jr.",read,0385334206,9780385334204,0385334206,303.0,4.06,273130,1973,1999,Write a review,0,"Apr 12, 2023[edit]",,2023-02-10,4980,https://www.goodreads.com/book/show/4980.Breakfast_of_Champions,
https://i.gr-assets.com/images/S/compressed.photo.goodreads.com/books/1653185078l/43352954.jpg,This Is How You Lose the Time War,"El-Mohtar, Amal",read,,,B0DWV53QNG,209.0,3.86,296172,2019,2019,"Didn't understand a word of this book. Way too pedantic for me. But hey, if you gots more smarts than me, then give it a read! I caught glimpses of beDidn't understand a word of this book. Way too pedantic for me. But hey, if you gots more smarts than me, then give it a read! I caught glimpses of beauty and fantastic character development....more[edit]",1,not set[edit],,2023-01-16,43352954,https://www.goodreads.com/book/show/43352954-this-is-how-you-lose-the-time-war,
https://i.gr-assets.com/images/S/compressed.photo.goodreads.com/books/1632843882l/56404444.jpg,Bewilderment,"Powers, Richard",read,0393881148,9780393881141,0393881148,278.0,3.91,67331,2021,2021,Write a review,0,"Oct 03, 2022[edit]",,2022-08-16,56404444,https://www.goodreads.com/book/show/56404444-bewilderment,
https://i.gr-assets.com/images/S/compressed.photo.goodreads.com/books/1615818399l/15197.jpg,"Maus II: A Survivor's Tale: And Here My Troubles Began(Maus, #2)","Spiegelman, Art",read,0679729771,9780679729778,0679729771,144.0,4.42,154958,1991,1992,Write a review,0,"Jun 26, 2022[edit]",,2022-06-26,15197,https://www.goodreads.com/book/show/15197.Maus_II,
https://i.gr-assets.com/images/S/compressed.photo.goodreads.com/books/1657549823l/59151.jpg,Chess Story,"Zweig, Stefan",read,1590171691,9781590171691,1590171691,104.0,4.27,154389,1942,2005,Write a review,0,"Jun 18, 2022[edit]",,2022-06-18,59151,https://www.goodreads.com/book/show/59151.Chess_Story,5.0
https://i.gr-assets.com/images/S/compressed.photo.goodreads.com/books/1633636988l/15196.jpg,"Maus I: A Survivor's Tale: My Father Bleeds History(Maus, #1)","Spiegelman, Art",read,0394541553,9780394541556,0394541553,159.0,4.39,360868,1986,1991,Write a review,0,"Mar 24, 2022[edit]",,2022-03-24,15196,https://www.goodreads.com/book/show/15196.Maus_I,
https://i.gr-assets.com/images/S/compressed.photo.goodreads.com/books/1172591496l/194808.jpg,To Build a Fire,"London, Jack",read,0968709184,9780968709184,0968709184,32.0,3.98,25592,1902,2003,Write a review,0,not set[edit],,2022-03-19,194808,https://www.goodreads.com/book/show/194808.To_Build_a_Fire,
https://i.gr-assets.com/images/S/compressed.photo.goodreads.com/books/1657555929l/27323.jpg,Hiroshima,"Hersey, John",read,0679721037,9780679721031,0679721037,152.0,4.04,85630,1946,1989,Write a review,0,not set[edit],,2022-03-13,27323,https://www.goodreads.com/book/show/27323.Hiroshima,
https://i.gr-assets.com/images/S/compressed.photo.goodreads.com/books/1370969032l/18068424.jpg,The Little Prince,"Saint-Exupéry, Antoine de",read,,,,118.0,4.33,2338453,1943,2000,Write a review,0,"Mar 08, 2022[edit]",,2022-03-08,18068424,https://www.goodreads.com/book/show/18068424-the-little-prince,
https://i.gr-assets.com/images/S/compressed.photo.goodreads.com/books/1624828540l/57936600.jpg,Where the Deer and the Antelope Play: The Pastoral Observations of One Ignorant American Who Loves to Walk Outside,"Offerman, Nick",read,1101984694,9781101984697,1101984694,352.0,3.71,16278,2021,2021,Write a review,0,"Mar 25, 2022[edit]",,2022-03-05,57936600,https://www.goodreads.com/book/show/57936600-where-the-deer-and-the-antelope-play,
https://i.gr-assets.com/images/S/compressed.photo.goodreads.com/books/1597695864l/54493401.jpg,Project Hail Mary,"Weir, Andy",read,0593135202,9780593135204,0593135202,476.0,4.50,799864,2021,2021,Write a review,1,"Feb 03, 2022[edit]",,2021-12-15,54493401,https://www.goodreads.com/book/show/54493401-project-hail-mary,4.0
https://i.gr-assets.com/images/S/compressed.photo.goodreads.com/books/1348137748l/48757.jpg,The Tao of Pooh,"Hoff, Benjamin",read,1405204265,9781405204262,1405204265,176.0,4.01,127126,1982,2003,Write a review,0,"Mar 06, 2022[edit]not set[edit]",,2021-11-13,48757,https://www.goodreads.com/book/show/48757.The_Tao_of_Pooh,5.0
https://s.gr-assets.com/assets/nophoto/book/50x75-a91bf249278a81aabab721ef782c4a74.png,The Red-Headed League(The Adventures of Sherlock Holmes #2),"Doyle, Arthur Conan",read,0890613141,9780890613146,0890613141,24.0,3.93,16470,1891,1984,Write a review,0,not set[edit],,2021-09-19,1254877,https://www.goodreads.com/book/show/1254877.The_Red_Headed_League,
https://i.gr-assets.com/images/S/compressed.photo.goodreads.com/books/1594565193l/54482639.jpg,The Vanishing Half,"Bennett, Brit",read,,,,343.0,4.13,821309,2020,2020,Write a review,0,"May 20, 2023[edit]",,2021-08-01,54482639,https://www.goodreads.com/book/show/54482639-the-vanishing-half,
https://i.gr-assets.com/images/S/compressed.photo.goodreads.com/books/1189170223l/1848444.jpg,"A Scandal in Bohemia(The Adventures of Sherlock Holmes, #1)","Holt, Ronald",read,0582416396,9780582416390,0582416396,85.0,4.24,90668,1891,2000,Write a review,0,not set[edit],,2021-07-25,1848444,https://www.goodreads.com/book/show/1848444.A_Scandal_in_Bohemia,
https://i.gr-assets.com/images/S/compressed.photo.goodreads.com/books/1562786502l/40180098.jpg,The Overstory,"Powers, Richard",read,039335668X,9780393356687,039335668X,502.0,4.12,182196,2018,2019,Write a review,0,"Oct 13, 2021[edit]",,2021-07-10,40180098,https://www.goodreads.com/book/show/40180098-the-overstory,5.0
https://i.gr-assets.com/images/S/compressed.photo.goodreads.com/books/1604281659l/52838315.jpg,Greenlights,"McConaughey, Matthew",read,0593139135,9780593139134,0593139135,289.0,4.20,413964,2020,2020,Write a review,0,"Sep 19, 2021[edit]",,2021-06-13,52838315,https://www.goodreads.com/book/show/52838315-greenlights,
https://i.gr-assets.com/images/S/compressed.photo.goodreads.com/books/1457284880l/27220736.jpg,Shoe Dog: A Memoir by the Creator of Nike,"Knight, Phil",read,1501135910,9781501135910,1501135910,400.0,4.46,344261,2016,2016,Write a review,0,"Jan 14, 2022[edit]",,2021-02-23,27220736,https://www.goodreads.com/book/show/27220736-shoe-dog,5.0
https://i.gr-assets.com/images/S/compressed.photo.goodreads.com/books/1606707026l/53138083.jpg,"Working Backwards: Insights, Stories, and Secrets from Inside Amazon","Bryar, Colin",read,1250267595,9781250267597,1250267595,304.0,4.21,6967,2021,2021,Write a review,0,"Feb 28, 2021[edit]",,2021-02-16,53138083,https://www.goodreads.com/book/show/53138083-working-backwards,
https://i.gr-assets.com/images/S/compressed.photo.goodreads.com/books/1430330507l/25451264.jpg,"Death's End(Remembrance of Earth’s Past, #3)","Liu, Cixin",read,0765377101,9780765377104,0765377101,604.0,4.41,154448,2010,2016,Write a review,0,"Feb 22, 2023[edit]",,2020-12-27,25451264,https://www.goodreads.com/book/show/25451264-death-s-end,
https://i.gr-assets.com/images/S/compressed.photo.goodreads.com/books/1412064931l/23168817.jpg,"The Dark Forest(Remembrance of Earth’s Past, #2)","Liu, Cixin",read,,,,512.0,4.41,198962,2008,2015,“The sun will set soon. Isn’t your child afraid?”“Of course she’s not afraid. She knows that the sun will rise again tomorrow.”[edit],0,"Apr 18, 2021[edit]",,2020-12-27,23168817,https://www.goodreads.com/book/show/23168817-the-dark-forest,5.0
https://i.gr-assets.com/images/S/compressed.photo.goodreads.com/books/1600733675l/55333978.jpg,Post Corona: From Crisis to Opportunity,"Galloway, Scott",read,0593332210,9780593332214,0593332210,256.0,3.96,4495,2020,2020,Write a review,0,"Nov 27, 2020[edit]",,2020-11-27,55333978,https://www.goodreads.com/book/show/55333978-post-corona,
https://i.gr-assets.com/images/S/compressed.photo.goodreads.com/books/1440319389l/4981.jpg,Slaughterhouse-Five,"Vonnegut, Kurt Jr.",read,,,,275.0,4.10,1439262,1969,1999,Write a review,0,not set[edit],,2020-08-16,4981,https://www.goodreads.com/book/show/4981.Slaughterhouse_Five,
https://i.gr-assets.com/images/S/compressed.photo.goodreads.com/books/1630673757l/13593553.jpg,To Sell is Human: The Surprising Truth About Moving Others,"Pink, Daniel H.",read,1594487154,9781594487156,1594487154,272.0,3.88,25851,2012,2012,Write a review,0,"Aug 18, 2020[edit]",,2020-08-11,13593553,https://www.goodreads.com/book/show/13593553-to-sell-is-human,
https://i.gr-assets.com/images/S/compressed.photo.goodreads.com/books/1415428227l/20518872.jpg,"The Three-Body Problem(Remembrance of Earth’s Past, #1)","Liu, Cixin",read,,,,472.0,4.08,448610,2006,2014,Write a review,0,"Dec 05, 2020[edit]",,2020-07-26,20518872,https://www.goodreads.com/book/show/20518872-the-three-body-problem,5.0
https://i.gr-assets.com/images/S/compressed.photo.goodreads.com/books/1391329559l/139069.jpg,Endurance: Shackleton's Incredible Voyage,"Lansing, Alfred",read,,,B0DSZRCS1Y,282.0,4.45,152582,1959,1999,Write a review,0,"Sep 13, 2020[edit]",,2020-06-11,139069,https://www.goodreads.com/book/show/139069.Endurance,
https://i.gr-assets.com/images/S/compressed.photo.goodreads.com/books/1617113740l/41104077.jpg,Invisible Women: Data Bias in a World Designed for Men,"Criado Pérez, Caroline",read,1419729071,9781419729072,1419729071,448.0,4.34,151789,2019,2019,Write a review,1,not set[edit],,2020-05-26,41104077,https://www.goodreads.com/book/show/41104077-invisible-women,4.0
https://i.gr-assets.com/images/S/compressed.photo.goodreads.com/books/1427665815l/905.jpg,The Inner Game of Tennis: The Classic Guide to the Mental Side of Peak Performance,"Gallwey, W. Timothy",read,0679778314,9780679778318,0679778314,134.0,4.18,25011,1974,1997,Write a review,0,"Sep 04, 2024[edit]",,2020-05-25,905,https://www.goodreads.com/book/show/905.The_Inner_Game_of_Tennis,5.0
https://i.gr-assets.com/images/S/compressed.photo.goodreads.com/books/1440485951l/213280.jpg,Setting the Table: The Transforming Power of Hospitality in Business,"Meyer, Danny",read,,,,336.0,4.04,8712,2006,2006,Write a review,0,"Mar 28, 2022[edit]",,2020-04-27,213280,https://www.goodreads.com/book/show/213280.Setting_the_Table,
https://i.gr-assets.com/images/S/compressed.photo.goodreads.com/books/1496699608l/22155.jpg,Let My People Go Surfing: The Education of a Reluctant Businessman,"Chouinard, Yvon",read,0143037838,9780143037835,0143037838,272.0,4.18,27093,2006,2006,Write a review,0,not set[edit],,2020-04-23,22155,https://www.goodreads.com/book/show/22155.Let_My_People_Go_Surfing,
https://i.gr-assets.com/images/S/compressed.photo.goodreads.com/books/1621326555l/36288143.jpg,Brotopia: Breaking Up the Boys' Club of Silicon Valley,"Chang, Emily",read,0735213542,9780735213548,B074LQKJJC,335.0,4.00,6854,2018,2018,Write a review,0,not set[edit],,2020-04-22,36288143,https://www.goodreads.com/book/show/36288143-brotopia,
https://i.gr-assets.com/images/S/compressed.photo.goodreads.com/books/1347654027l/2615.jpg,The Innovator's Dilemma: The Revolutionary Book that Will Change the Way You Do Business,"Christensen, Clayton M.",read,0060521996,9780060521998,0060521996,320.0,4.05,58181,1997,2003,Write a review,0,"May 15, 2020[edit]",,2020-03-23,2615,https://www.goodreads.com/book/show/2615.The_Innovator_s_Dilemma,
https://i.gr-assets.com/images/S/compressed.photo.goodreads.com/books/1438253741l/56713.jpg,The Case for Mars,"Zubrin, Robert",read,0684835509,9780684835501,0684835509,368.0,4.12,2944,1996,1997,Write a review,0,not set[edit],,2020-03-12,56713,https://www.goodreads.com/book/show/56713.The_Case_for_Mars,
https://i.gr-assets.com/images/S/compressed.photo.goodreads.com/books/1388629859l/834745.jpg,Harvard Business Review on Knowledge Management,"Leonard-Barton, Dorothy",read,0875848818,9780875848815,0875848818,223.0,3.65,168,1998,1998,Write a review,0,"Mar 23, 2020[edit]",,2020-03-02,834745,https://www.goodreads.com/book/show/834745.Harvard_Business_Review_on_Knowledge_Management,
https://i.gr-assets.com/images/S/compressed.photo.goodreads.com/books/1530528414l/38820055.jpg,"Positive Populism: Revolutionary Ideas to Rebuild Economic Security, Family, and Community in America","Hilton, Steve",read,0525575588,9780525575580,0525575588,223.0,3.49,59,,2018,Write a review,0,"Feb 29, 2020[edit]",,2020-02-28,38820055,https://www.goodreads.com/book/show/38820055-positive-populism,
https://i.gr-assets.com/images/S/compressed.photo.goodreads.com/books/1454284600l/27068734.jpg,But What If We're Wrong? Thinking About the Present As If It Were the Past,"Klosterman, Chuck",read,0399184120,9780399184123,0399184120,262.0,3.66,18172,2016,2016,Write a review,0,not set[edit],,2020-02-08,27068734,https://www.goodreads.com/book/show/27068734-but-what-if-we-re-wrong-thinking-about-the-present-as-if-it-were-the-pa,
https://i.gr-assets.com/images/S/compressed.photo.goodreads.com/books/1328759411l/6193094.jpg,Getting Green Done: Hard Truths from the Front Lines of the Sustainability Revolution,"Schendler, Auden",read,1586486373,9781586486372,1586486373,304.0,3.69,222,2009,2009,Write a review,0,not set[edit],,2020-02-03,6193094,https://www.goodreads.com/book/show/6193094-getting-green-done,
https://i.gr-assets.com/images/S/compressed.photo.goodreads.com/books/1433156001l/10235.jpg,"Mountains Beyond Mountains: The Quest of Dr. Paul Farmer, a Man Who Would Cure the World","Kidder, Tracy",read,0812973011,9780812973013,0812973011,333.0,4.20,86989,2003,2004,Write a review,0,not set[edit],,2020-02-03,10235,https://www.goodreads.com/book/show/10235.Mountains_Beyond_Mountains,
https://i.gr-assets.com/images/S/compressed.photo.goodreads.com/books/1523311515l/37976541.jpg,Bad Blood: Secrets and Lies in a Silicon Valley Startup,"Carreyrou, John",read,,,,339.0,4.41,274243,2018,2018,Write a review,0,not set[edit],,2020-02-03,37976541,https://www.goodreads.com/book/show/37976541-bad-blood,
https://i.gr-assets.com/images/S/compressed.photo.goodreads.com/books/1514928537l/37799644.jpg,"Ghosts of the Ostfront(Hardcore History, #27-30)","Carlin, Dan",read,,,B0DTXLHCNG,,4.77,611,2009,2009,Write a review,0,not set[edit],,2020-02-03,37799644,https://www.goodreads.com/book/show/37799644-ghosts-of-the-ostfront,
https://i.gr-assets.com/images/S/compressed.photo.goodreads.com/books/1514984458l/37804128.jpg,"The American Peril(Hardcore History, #49)","Carlin, Dan",read,,,B0DTXC95DZ,,4.33,257,2013,2013,Write a review,0,not set[edit],,2020-02-03,37804128,https://www.goodreads.com/book/show/37804128-the-american-peril,
https://i.gr-assets.com/images/S/compressed.photo.goodreads.com/books/1513964564l/37653294.jpg,"The Destroyer of Worlds(Hardcore History, #59)","Carlin, Dan",read,,,B0DM23NJTZ,,4.60,648,2017,2017,Write a review,0,not set[edit],,2020-02-03,37653294,https://www.goodreads.com/book/show/37653294-the-destroyer-of-worlds,
https://i.gr-assets.com/images/S/compressed.photo.goodreads.com/books/1531615123l/40810591.jpg,"Supernova in the East(Hardcore History, #62-67)","Carlin, Dan",read,,,,,4.69,1043,2018,2018,Write a review,0,not set[edit],,2020-02-03,40810591,https://www.goodreads.com/book/show/40810591-supernova-in-the-east,
https://i.gr-assets.com/images/S/compressed.photo.goodreads.com/books/1421842784l/36072.jpg,The 7 Habits of Highly Effective People: Powerful Lessons in Personal Change,"Covey, Stephen R.",read,0743269519,9780743269513,0743269519,372.0,4.16,794845,1989,2004,Write a review,0,not set[edit],,2020-02-03,36072,https://www.goodreads.com/book/show/36072.The_7_Habits_of_Highly_Effective_People,
https://i.gr-assets.com/images/S/compressed.photo.goodreads.com/books/1388211242l/69571.jpg,"Rich Dad, Poor Dad","Kiyosaki, Robert T.",read,0751532711,9780751532715,0751532711,195.0,4.10,686328,1997,2001,Write a review,0,"Apr 29, 2020[edit]",,2020-02-03,69571,https://www.goodreads.com/book/show/69571.Rich_Dad_Poor_Dad,
https://i.gr-assets.com/images/S/compressed.photo.goodreads.com/books/1507838927l/36402034.jpg,Do Androids Dream of Electric Sheep?,"Dick, Philip K.",read,,,B0DWVGYNQZ,258.0,4.09,489621,1968,2008,Write a review,0,not set[edit],,2020-02-03,36402034,https://www.goodreads.com/book/show/36402034-do-androids-dream-of-electric-sheep,
https://i.gr-assets.com/images/S/compressed.photo.goodreads.com/books/1327942880l/2493.jpg,The Time Machine,"Wells, H.G.",read,,,,118.0,3.89,548847,1895,2002,Write a review,0,not set[edit],,2020-02-03,2493,https://www.goodreads.com/book/show/2493.The_Time_Machine,
https://i.gr-assets.com/images/S/compressed.photo.goodreads.com/books/1444883508l/25738983.jpg,Outsider in the White House,"Sanders, Bernie",read,1784784192,9781784784195,B00ZNG4MBO,368.0,4.13,1617,1997,2015,Write a review,0,not set[edit],,2020-02-03,25738983,https://www.goodreads.com/book/show/25738983-outsider-in-the-white-house,
https://i.gr-assets.com/images/S/compressed.photo.goodreads.com/books/1443114301l/24338377.jpg,"Saving Capitalism: For the Many, Not the Few","Reich, Robert B.",read,0385350570,9780385350570,0385350570,219.0,4.19,5255,2004,2015,Write a review,0,not set[edit],,2020-02-03,24338377,https://www.goodreads.com/book/show/24338377-saving-capitalism,
https://i.gr-assets.com/images/S/compressed.photo.goodreads.com/books/1630664059l/6596.jpg,The Four Agreements: A Practical Guide to Personal Freedom,"Ruiz, Miguel",read,1878424505,9781878424501,1878424505,152.0,4.19,479618,1997,2001,Write a review,0,"Apr 08, 2021[edit]",,2020-02-03,6596,https://www.goodreads.com/book/show/6596.The_Four_Agreements,
https://i.gr-assets.com/images/S/compressed.photo.goodreads.com/books/1327878601l/11529868.jpg,The Orphan Master's Son,"Johnson, Adam",read,0812992792,9780812992793,0812992792,443.0,4.07,102619,2012,2012,Write a review,0,not set[edit],,2020-02-03,11529868,https://www.goodreads.com/book/show/11529868-the-orphan-master-s-son,
https://i.gr-assets.com/images/S/compressed.photo.goodreads.com/books/1481495007l/33311863.jpg,American War,"El Akkad, Omar",read,,,B0DWV9LTTG,384.0,3.80,40600,2017,2017,Write a review,0,not set[edit],,2020-02-03,33311863,https://www.goodreads.com/book/show/33311863-american-war,
https://i.gr-assets.com/images/S/compressed.photo.goodreads.com/books/1564561209l/49947205.SY75_.jpg,"The End is Always Near: Apocalyptic Moments, from the Bronze Age Collapse to Nuclear Near Misses","Carlin, Dan",read,0008340927,9780008340926,0008340927,288.0,3.89,13146,2019,2019,Write a review,0,"Feb 03, 2020[edit]",,2020-02-03,49947205,https://www.goodreads.com/book/show/49947205-the-end-is-always-near,
https://i.gr-assets.com/images/S/compressed.photo.goodreads.com/books/1521228712l/38242135.jpg,"AI Superpowers: China, Silicon Valley, and the New World Order","Lee, Kai-Fu",read,132854639X,9781328546395,132854639X,255.0,4.09,16105,2018,2018,Write a review,0,not set[edit],,2020-02-03,38242135,https://www.goodreads.com/book/show/38242135-ai-superpowers,
https://i.gr-assets.com/images/S/compressed.photo.goodreads.com/books/1559986152l/386162.SY75_.jpg,"The Hitchhiker’s Guide to the Galaxy(The Hitchhiker's Guide to the Galaxy, #1)","Adams, Douglas",read,,,B0DSZNSNLV,193.0,4.22,1953768,1979,2007,Write a review,0,"Sep 04, 2024[edit]not set[edit]",,2020-02-03,386162,https://www.goodreads.com/book/show/386162.The_Hitchhiker_s_Guide_to_the_Galaxy,
https://i.gr-assets.com/images/S/compressed.photo.goodreads.com/books/1391813567l/15751404.jpg,"David and Goliath: Underdogs, Misfits, and the Art of Battling Giants","Gladwell, Malcolm",read,0316204366,9780316204361,0316204366,305.0,3.97,188411,2013,2013,Write a review,0,not set[edit],,2020-02-03,15751404,https://www.goodreads.com/book/show/15751404-david-and-goliath,
https://i.gr-assets.com/images/S/compressed.photo.goodreads.com/books/1440763417l/40102.jpg,Blink: The Power of Thinking Without Thinking,"Gladwell, Malcolm",read,0316010669,9780316010665,0316010669,296.0,3.96,611946,2005,2007,Write a review,0,not set[edit],,2020-02-03,40102,https://www.goodreads.com/book/show/40102.Blink,
https://i.gr-assets.com/images/S/compressed.photo.goodreads.com/books/1344266315l/3228917.jpg,Outliers: The Story of Success,"Gladwell, Malcolm",read,0316017922,9780316017923,0316017922,309.0,4.19,838046,2008,2008,Write a review,0,not set[edit],,2020-02-03,3228917,https://www.goodreads.com/book/show/3228917-outliers,
https://i.gr-assets.com/images/S/compressed.photo.goodreads.com/books/1549393502l/43848929.jpg,Talking to Strangers: What We Should Know About the People We Don't Know,"Gladwell, Malcolm",read,0316478520,9780316478526,0316478520,388.0,3.99,326115,2019,2019,Write a review,0,not set[edit],,2020-02-03,43848929,https://www.goodreads.com/book/show/43848929-talking-to-strangers,
https://i.gr-assets.com/images/S/compressed.photo.goodreads.com/books/1568315592l/45016225.jpg,Trailblazer: The Power of Business as the Greatest Platform for Change,"Benioff, Marc",read,1984825208,9781984825209,B07PZ4HBB9,235.0,3.82,2277,2019,2019,Write a review,0,not set[edit],,2020-02-03,45016225,https://www.goodreads.com/book/show/45016225-trailblazer,
https://i.gr-assets.com/images/S/compressed.photo.goodreads.com/books/1422925721l/22859860.jpg,Project Management for the Unofficial Project Manager,"Kogon, Kory",read,194163110X,9781941631102,194163110X,256.0,4.06,1965,,2015,Write a review,0,not set[edit],,2020-02-03,22859860,https://www.goodreads.com/book/show/22859860-project-management-for-the-unofficial-project-manager,
https://i.gr-assets.com/images/S/compressed.photo.goodreads.com/books/1503365703l/34536488.jpg,Principles: Life and Work,"Dalio, Ray",read,1508243247,9781508243243,1508243247,16.0,4.11,63962,2017,2017,Write a review,0,not set[edit],,2020-02-03,34536488,https://www.goodreads.com/book/show/34536488-principles,
https://i.gr-assets.com/images/S/compressed.photo.goodreads.com/books/1509135882l/35631386.jpg,The Undoing Project: A Friendship That Changed Our Minds,"Lewis, Michael",read,0393354776,9780393354775,0393354776,368.0,3.99,62537,2016,2017,Write a review,0,not set[edit],,2020-02-03,35631386,https://www.goodreads.com/book/show/35631386-the-undoing-project,
https://i.gr-assets.com/images/S/compressed.photo.goodreads.com/books/1562687004l/46266188.jpg,The Fifth Risk: Undoing Democracy,"Lewis, Michael",read,0393357457,9780393357455,0393357457,255.0,4.09,46863,2018,2019,Write a review,0,not set[edit],,2020-02-03,46266188,https://www.goodreads.com/book/show/46266188-the-fifth-risk,
https://i.gr-assets.com/images/S/compressed.photo.goodreads.com/books/1553767026l/42872963.jpg,"The Algebra of Happiness: Notes on the Pursuit of Success, Love, and Meaning","Galloway, Scott",read,0593084195,9780593084199,0593084195,256.0,3.78,7968,2019,2019,Write a review,0,not set[edit],,2020-02-03,42872963,https://www.goodreads.com/book/show/42872963-the-algebra-of-happiness,
https://i.gr-assets.com/images/S/compressed.photo.goodreads.com/books/1494279423l/2767.jpg,A People’s History of the United States: 1492 - Present,"Zinn, Howard",read,0060838655,9780060838652,B007CDYGTO,729.0,4.08,257491,1980,1995,Write a review,0,not set[edit],,2020-02-03,2767,https://www.goodreads.com/book/show/2767.A_People_s_History_of_the_United_States,
https://i.gr-assets.com/images/S/compressed.photo.goodreads.com/books/1463569814l/27161156.jpg,Hillbilly Elegy: A Memoir of a Family and Culture in Crisis,"Vance, J.D.",read,,,,264.0,3.85,482073,2016,2016,Write a review,0,not set[edit],,2020-02-03,27161156,https://www.goodreads.com/book/show/27161156-hillbilly-elegy,
https://i.gr-assets.com/images/S/compressed.photo.goodreads.com/books/1562761669l/32191710.jpg,Astrophysics for People in a Hurry,"Tyson, Neil deGrasse",read,0393609391,9780393609394,0393609391,223.0,4.08,197419,2017,2017,Write a review,0,not set[edit],,2020-02-03,32191710,https://www.goodreads.com/book/show/32191710-astrophysics-for-people-in-a-hurry,
https://i.gr-assets.com/images/S/compressed.photo.goodreads.com/books/1352186981l/15800883.jpg,Gilgamesh: A New Rendering in English Verse,Unknown,read,,,B0DSZYLC4T,99.0,3.74,829,2014,1992,Write a review,0,not set[edit],,2015-05-10,15800883,https://www.goodreads.com/book/show/15800883-gilgamesh,
https://i.gr-assets.com/images/S/compressed.photo.goodreads.com/books/1427517214l/226226.jpg,"Leading with the Heart: Coach K's Successful Strategies for Basketball, Business, and Life","Krzyzewski, Mike",currently-reading,0446676780,9780446676786,0446676780,291.0,4.21,3698,2000,2001,Write a review,0,"May 09, 2025[edit]",,2025-05-09,226226,https://www.goodreads.com/book/show/226226.Leading_with_the_Heart,
https://i.gr-assets.com/images/S/compressed.photo.goodreads.com/books/1416873321l/164780.jpg,The Jewish State,"Herzl, Theodor",currently-reading,0486258491,9780486258492,0486258491,176.0,3.51,1661,1896,1989,Write a review,0,"Apr 06, 2025[edit]",,2025-02-14,164780,https://www.goodreads.com/book/show/164780.The_Jewish_State,
https://i.gr-assets.com/images/S/compressed.photo.goodreads.com/books/1320391644l/8909.jpg,The War of the Worlds,"Wells, H.G.",currently-reading,0375759239,9780375759239,0375759239,192.0,3.83,336956,1898,2002,Write a review,0,"May 21, 2025[edit]",,2020-02-03,8909,https://www.goodreads.com/book/show/8909.The_War_of_the_Worlds,
https://i.gr-assets.com/images/S/compressed.photo.goodreads.com/books/1521213881l/8695.jpg,"The Restaurant at the End of the Universe(The Hitchhiker's Guide to the Galaxy, #2)","Adams, Douglas",to-read,,,B0DSZZ64ST,250.0,4.20,307106,1980,2005,Write a review,0,not set[edit],,2020-02-03,8695,https://www.goodreads.com/book/show/8695.The_Restaurant_at_the_End_of_the_Universe,
https://i.gr-assets.com/images/S/compressed.photo.goodreads.com/books/1566147509l/582567.jpg,Reminiscences,"MacArthur, Douglas",to-read,1557504830,9781557504838,1557504830,472.0,4.19,215,1964,2012,Write a review,0,not set[edit],,2020-02-03,582567,https://www.goodreads.com/book/show/582567.Reminiscences,
https://i.gr-assets.com/images/S/compressed.photo.goodreads.com/books/1519394514l/37506435.jpg,The Common Good,"Reich, Robert B.",to-read,052552049X,9780525520498,052552049X,208.0,4.10,2758,2018,2018,Write a review,0,not set[edit],,2020-02-04,37506435,https://www.goodreads.com/book/show/37506435-the-common-good,
https://i.gr-assets.com/images/S/compressed.photo.goodreads.com/books/1328046792l/13425570.jpg,How Will You Measure Your Life?,"Christensen, Clayton M.",to-read,0062102427,9780062102423,0062102427,240.0,4.05,36952,2012,2012,Write a review,0,not set[edit],,2020-02-04,13425570,https://www.goodreads.com/book/show/13425570-how-will-you-measure-your-life,
https://i.gr-assets.com/images/S/compressed.photo.goodreads.com/books/1348188798l/8310410.jpg,Multipliers: How the Best Leaders Make Everyone Smarter,"Wiseman, Liz",to-read,0061964395,9780061964398,0061964395,288.0,3.99,15122,2010,2010,Write a review,0,not set[edit],,2020-02-14,8310410,https://www.goodreads.com/book/show/8310410-multipliers,
https://i.gr-assets.com/images/S/compressed.photo.goodreads.com/books/1572264646l/45894180.jpg,"Arguing with Zombies: Economics, Politics, and the Fight for a Better Future","Krugman, Paul",to-read,1324005017,9781324005018,1324005017,464.0,3.86,2432,2020,2020,Write a review,0,not set[edit],,2020-02-16,45894180,https://www.goodreads.com/book/show/45894180-arguing-with-zombies,
https://i.gr-assets.com/images/S/compressed.photo.goodreads.com/books/1437226141l/25586859.jpg,"The Invisible Organization: How Ingenious CEOs Are Creating Thriving, Virtual Companies","Russo, Mitch",to-read,,,B00Y1HBEVM,273.0,3.11,18,2015,2015,Write a review,0,not set[edit],,2020-03-02,25586859,https://www.goodreads.com/book/show/25586859-the-invisible-organization,
https://i.gr-assets.com/images/S/compressed.photo.goodreads.com/books/1560163756l/40265832.jpg,How to Be an Antiracist,"Kendi, Ibram X.",to-read,0525509283,9780525509288,0525509283,305.0,4.37,117910,2019,2019,Write a review,0,not set[edit],,2020-06-03,40265832,https://www.goodreads.com/book/show/40265832-how-to-be-an-antiracist,
https://i.gr-assets.com/images/S/compressed.photo.goodreads.com/books/1609355352l/52275335.jpg,How to Avoid a Climate Disaster: The Solutions We Have and the Breakthroughs We Need,"Gates, Bill",to-read,0241448301,9780241448304,0241448301,272.0,4.12,49749,2021,2021,Write a review,0,not set[edit],,2020-12-30,52275335,https://www.goodreads.com/book/show/52275335-how-to-avoid-a-climate-disaster,
https://i.gr-assets.com/images/S/compressed.photo.goodreads.com/books/1317793965l/11468377.jpg,"Thinking, Fast and Slow","Kahneman, Daniel",to-read,0374275637,9780374275631,0374275637,499.0,4.17,556211,2011,2011,Write a review,0,not set[edit],,2021-02-05,11468377,https://www.goodreads.com/book/show/11468377-thinking-fast-and-slow,
https://i.gr-assets.com/images/S/compressed.photo.goodreads.com/books/1255573980l/1713426.jpg,Predictably Irrational: The Hidden Forces That Shape Our Decisions,"Ariely, Dan",to-read,,,,247.0,4.12,128676,2008,2008,Write a review,0,not set[edit],,2021-02-05,1713426,https://www.goodreads.com/book/show/1713426.Predictably_Irrational,
https://i.gr-assets.com/images/S/compressed.photo.goodreads.com/books/1602713006l/50997978.jpg,Culture Warlords: My Journey Into the Dark Web of White Supremacy,"Lavin, Talia",to-read,0306846438,9780306846434,0306846438,288.0,3.87,5822,2020,2020,Write a review,0,not set[edit],,2021-02-22,50997978,https://www.goodreads.com/book/show/50997978-culture-warlords,
https://i.gr-assets.com/images/S/compressed.photo.goodreads.com/books/1348412881l/467754.jpg,What They Don't Teach You at Harvard Business School: Notes from a Street-smart Executive,"McCormack, Mark H.",to-read,0553345834,9780553345834,0553345834,288.0,3.60,5223,1984,1986,Write a review,0,not set[edit],,2021-02-23,467754,https://www.goodreads.com/book/show/467754.What_They_Don_t_Teach_You_at_Harvard_Business_School,
https://i.gr-assets.com/images/S/compressed.photo.goodreads.com/books/1577090827l/51791252.SY75_.jpg,The Vanishing Half,"Bennett, Brit",to-read,0525536299,9780525536291,0525536299,343.0,4.13,821309,2020,2020,Write a review,0,not set[edit],,2021-02-26,51791252,https://www.goodreads.com/book/show/51791252-the-vanishing-half,
https://i.gr-assets.com/images/S/compressed.photo.goodreads.com/books/1348416401l/8187887.jpg,Free Thought and Official Propaganda,"Russell, Bertrand",to-read,1147585857,9781147585858,1147585857,70.0,4.35,439,1922,2010,Write a review,0,not set[edit],,2021-03-17,8187887,https://www.goodreads.com/book/show/8187887-free-thought-and-official-propaganda,
https://i.gr-assets.com/images/S/compressed.photo.goodreads.com/books/1575509280l/5129.jpg,Brave New World,"Huxley, Aldous",to-read,0060929871,9780060929879,0060929871,268.0,3.99,1992632,1932,1998,Write a review,0,not set[edit],,2021-03-21,5129,https://www.goodreads.com/book/show/5129.Brave_New_World,
https://i.gr-assets.com/images/S/compressed.photo.goodreads.com/books/1595814305l/54502643.jpg,Billion Dollar Loser: The Epic Rise and Spectacular Fall of Adam Neumann and WeWork,"Wiedeman, Reeves",to-read,0316461369,9780316461368,0316461369,352.0,4.09,13048,2020,2020,Write a review,0,not set[edit],,2021-03-22,54502643,https://www.goodreads.com/book/show/54502643-billion-dollar-loser,
https://i.gr-assets.com/images/S/compressed.photo.goodreads.com/books/1416445924l/4898.jpg,Blue Ocean Strategy: How to Create Uncontested Market Space and Make the Competition Irrelevant,"Kim, W. Chan",to-read,1591396190,9781591396192,1591396190,240.0,4.01,83713,2004,2005,Write a review,0,not set[edit],,2021-03-27,4898,https://www.goodreads.com/book/show/4898.Blue_Ocean_Strategy,
https://i.gr-assets.com/images/S/compressed.photo.goodreads.com/books/1610894755l/54968118.jpg,"The Code Breaker: Jennifer Doudna, Gene Editing, and the Future of the Human Race","Isaacson, Walter",to-read,1982115858,9781982115852,1982115858,536.0,4.28,39222,2021,2021,Write a review,0,not set[edit],,2021-04-13,54968118,https://www.goodreads.com/book/show/54968118-the-code-breaker,
https://i.gr-assets.com/images/S/compressed.photo.goodreads.com/books/1407112405l/22668729.jpg,Hooked: How to Build Habit-Forming Products,"Eyal, Nir",to-read,1591847788,9781591847786,1591847788,256.0,4.12,48176,2013,2014,Write a review,0,not set[edit],,2021-04-21,22668729,https://www.goodreads.com/book/show/22668729-hooked,
https://i.gr-assets.com/images/S/compressed.photo.goodreads.com/books/1552885037l/39074550.jpg,Humble Pi: A Comedy of Maths Errors,"Parker, Matt",to-read,0241360196,9780241360194,0241360196,314.0,4.10,20684,2019,2019,Write a review,0,not set[edit],,2021-05-16,39074550,https://www.goodreads.com/book/show/39074550-humble-pi,
https://i.gr-assets.com/images/S/compressed.photo.goodreads.com/books/1344694528l/11961982.jpg,Side by Side: Parallel Histories of Israel-Palestine,"Adwan, Sami",to-read,1595586830,9781595586834,1595586830,416.0,4.04,271,2011,2012,Write a review,0,not set[edit],,2021-05-22,11961982,https://www.goodreads.com/book/show/11961982-side-by-side,
https://i.gr-assets.com/images/S/compressed.photo.goodreads.com/books/1312040148l/150731.jpg,Alan Turing: The Enigma,"Hodges, Andrew",to-read,0802775802,9780802775801,0802775802,608.0,3.75,11733,1983,2000,Write a review,0,not set[edit],,2021-06-26,150731,https://www.goodreads.com/book/show/150731.Alan_Turing,
https://i.gr-assets.com/images/S/compressed.photo.goodreads.com/books/1704385704l/52382796.jpg,"Shōgun(Asian Saga, #1)","Clavell, James",to-read,1982603844,9781982603847,1982603844,1.0,4.41,203739,1975,2020,Write a review,0,not set[edit],,2021-06-30,52382796,https://www.goodreads.com/book/show/52382796-sh-gun,
https://i.gr-assets.com/images/S/compressed.photo.goodreads.com/books/1320559286l/10353369.jpg,The Whole-Brain Child: Revolutionary Strategies to Nurture Your Child's Developing Mind,"Siegel, Daniel J.",to-read,0553807919,9780553807912,0553807919,192.0,4.27,53880,2011,2011,Write a review,0,not set[edit],,2021-07-06,10353369,https://www.goodreads.com/book/show/10353369-the-whole-brain-child,
https://i.gr-assets.com/images/S/compressed.photo.goodreads.com/books/1454296875l/25666050.jpg,Algorithms to Live By: The Computer Science of Human Decisions,"Christian, Brian",to-read,1627790365,9781627790369,1627790365,368.0,4.13,33775,2016,2016,Write a review,0,not set[edit],,2021-07-26,25666050,https://www.goodreads.com/book/show/25666050-algorithms-to-live-by,
https://i.gr-assets.com/images/S/compressed.photo.goodreads.com/books/1589842551l/40651883.jpg,Snow Crash,"Stephenson, Neal",to-read,,,B0DNC1MQCS,559.0,4.02,291726,1992,2018,Write a review,0,not set[edit],,2021-08-06,40651883,https://www.goodreads.com/book/show/40651883-snow-crash,
https://i.gr-assets.com/images/S/compressed.photo.goodreads.com/books/1620397076l/56470423.jpg,An Ugly Truth: Inside Facebook's Battle for Domination,"Frenkel, Sheera",to-read,0063136740,9780063136748,0063136740,352.0,3.97,6842,2021,2021,Write a review,0,not set[edit],,2021-08-09,56470423,https://www.goodreads.com/book/show/56470423-an-ugly-truth,
https://i.gr-assets.com/images/S/compressed.photo.goodreads.com/books/1630806605l/58751011.jpg,Miseducation: How Climate Change Is Taught in America,"Worth, Katie",to-read,1735913642,9781735913643,1735913642,184.0,4.26,246,2021,2021,Write a review,0,not set[edit],,2021-09-25,58751011,https://www.goodreads.com/book/show/58751011-miseducation,
https://i.gr-assets.com/images/S/compressed.photo.goodreads.com/books/1617998519l/57678729.jpg,The Qualified Sales Leader: Proven Lessons from a Five Time CRO,"McMahon, John",to-read,,,B09236J2XX,348.0,4.40,1171,,2021,Write a review,0,not set[edit],,2021-10-26,57678729,https://www.goodreads.com/book/show/57678729-the-qualified-sales-leader,
https://i.gr-assets.com/images/S/compressed.photo.goodreads.com/books/1677801383l/11155890.jpg,"Everybody wins, except for most of us: What economics teaches about globalization","Bivens, Josh",to-read,1932066330,9781932066333,1932066330,148.0,3.00,2,2008,2008,Write a review,0,not set[edit],,2021-11-28,11155890,https://www.goodreads.com/book/show/11155890-everybody-wins-except-for-most-of-us,
https://s.gr-assets.com/assets/nophoto/book/50x75-a91bf249278a81aabab721ef782c4a74.png,Intentional Mindset: Developing Mental Toughness and a Killer Instinct,"Anderson, Dave",to-read,1953295215,9781953295217,B08JM8F5N3,250.0,4.16,62,,2021,Write a review,0,not set[edit],,2021-12-27,57000428,https://www.goodreads.com/book/show/57000428-intentional-mindset,
https://i.gr-assets.com/images/S/compressed.photo.goodreads.com/books/1603206535l/54120408.jpg,Klara and the Sun,"Ishiguro, Kazuo",to-read,059331817X,9780593318171,059331817X,303.0,3.74,399148,2021,2021,Write a review,0,not set[edit],,2022-01-01,54120408,https://www.goodreads.com/book/show/54120408-klara-and-the-sun,
https://i.gr-assets.com/images/S/compressed.photo.goodreads.com/books/1472119680l/27833670.jpg,Dark Matter,"Crouch, Blake",to-read,1101904224,9781101904220,1101904224,342.0,4.14,645034,2016,2016,Write a review,0,not set[edit],,2022-02-09,27833670,https://www.goodreads.com/book/show/27833670-dark-matter,
https://i.gr-assets.com/images/S/compressed.photo.goodreads.com/books/1382846449l/7144.jpg,Crime and Punishment,"Dostoevsky, Fyodor",to-read,,,,671.0,4.28,1007245,1866,2002,Write a review,0,not set[edit],,2022-02-17,7144,https://www.goodreads.com/book/show/7144.Crime_and_Punishment,
https://i.gr-assets.com/images/S/compressed.photo.goodreads.com/books/1475991420l/30652247.jpg,"How to Kill a City: Gentrification, Inequality, and the Fight for the Neighborhood","Moskowitz, Peter",to-read,1568585233,9781568585239,1568585233,272.0,4.09,3570,2017,2017,Write a review,0,not set[edit],,2022-03-05,30652247,https://www.goodreads.com/book/show/30652247-how-to-kill-a-city,
https://i.gr-assets.com/images/S/compressed.photo.goodreads.com/books/1417900846l/29579.jpg,"Foundation(Foundation, #1)","Asimov, Isaac",to-read,0553803719,9780553803716,0553803719,244.0,4.17,575710,1951,2004,Write a review,0,not set[edit],,2022-03-23,29579,https://www.goodreads.com/book/show/29579.Foundation,
https://i.gr-assets.com/images/S/compressed.photo.goodreads.com/books/1442353674l/27333.jpg,Silent Spring,"Carson, Rachel",to-read,0618249060,9780618249060,0618249060,378.0,4.05,52596,1962,2022,Write a review,0,not set[edit],,2022-03-27,27333,https://www.goodreads.com/book/show/27333.Silent_Spring,
https://i.gr-assets.com/images/S/compressed.photo.goodreads.com/books/1639073843l/44436221.jpg,Interior Chinatown,"Yu, Charles",to-read,,,,288.0,3.95,67363,2020,2020,Write a review,0,not set[edit],,2022-05-03,44436221,https://www.goodreads.com/book/show/44436221-interior-chinatown,
https://i.gr-assets.com/images/S/compressed.photo.goodreads.com/books/1387754966l/17607.jpg,All About Love: New Visions,"hooks, bell",to-read,0688168442,9780688168445,0688168442,240.0,4.03,118882,1999,1999,Write a review,0,not set[edit],,2022-05-17,17607,https://www.goodreads.com/book/show/17607.All_About_Love,
https://i.gr-assets.com/images/S/compressed.photo.goodreads.com/books/1433794639l/23834688.jpg,Sick in the Head: Conversations About Life and Comedy,"Apatow, Judd",to-read,0812997581,9780812997583,0812997581,489.0,3.66,13008,2015,2015,Write a review,0,not set[edit],,2022-05-20,23834688,https://www.goodreads.com/book/show/23834688-sick-in-the-head,
https://i.gr-assets.com/images/S/compressed.photo.goodreads.com/books/1546112331l/3836.jpg,Don Quixote,"Cervantes Saavedra, Miguel de",to-read,,,0142437239,1.0,3.90,294142,1615,2003,Write a review,0,not set[edit],,2022-05-22,3836,https://www.goodreads.com/book/show/3836.Don_Quixote,
https://i.gr-assets.com/images/S/compressed.photo.goodreads.com/books/1329269081l/21686.jpg,Shutter Island,"Lehane, Dennis",to-read,038073186X,9780380731862,038073186X,369.0,4.13,211502,2003,2004,Write a review,0,not set[edit],,2022-05-24,21686,https://www.goodreads.com/book/show/21686.Shutter_Island,
https://i.gr-assets.com/images/S/compressed.photo.goodreads.com/books/1475538019l/113934.jpg,The Goal: A Process of Ongoing Improvement,"Goldratt, Eliyahu M.",to-read,0884271781,9780884271789,0884271781,384.0,4.08,80198,1984,2004,Write a review,0,not set[edit],,2022-05-31,113934,https://www.goodreads.com/book/show/113934.The_Goal,
https://i.gr-assets.com/images/S/compressed.photo.goodreads.com/books/1348976015l/376237.jpg,Toyota Production System: Beyond large-scale production,"Ohno, Taiichi",to-read,0915299143,9780915299140,0915299143,152.0,4.11,1987,1978,1988,Write a review,0,not set[edit],,2022-05-31,376237,https://www.goodreads.com/book/show/376237.Toyota_Production_System,
https://i.gr-assets.com/images/S/compressed.photo.goodreads.com/books/1388176882l/48654.jpg,"Story: Substance, Structure, Style, and the Principles of Screenwriting","McKee, Robert",to-read,0060391685,9780060391683,0060391685,466.0,4.28,16957,1997,1997,Write a review,0,not set[edit],,2022-06-16,48654,https://www.goodreads.com/book/show/48654.Story,
https://i.gr-assets.com/images/S/compressed.photo.goodreads.com/books/1519634010l/35820393.jpg,Never Lost Again: The Google Mapping Revolution That Sparked New Industries and Augmented Our Reality,"Kilday, Bill",to-read,0062673041,9780062673046,0062673041,368.0,4.22,637,2018,2018,Write a review,0,not set[edit],,2022-07-24,35820393,https://www.goodreads.com/book/show/35820393-never-lost-again,
https://i.gr-assets.com/images/S/compressed.photo.goodreads.com/books/1388189974l/9791.jpg,A Walk in the Woods: Rediscovering America on the Appalachian Trail,"Bryson, Bill",to-read,0307279464,9780307279460,0307279464,397.0,4.07,431852,1998,2006,Write a review,0,not set[edit],,2022-10-01,9791,https://www.goodreads.com/book/show/9791.A_Walk_in_the_Woods,
https://i.gr-assets.com/images/S/compressed.photo.goodreads.com/books/1505472210l/36243813.jpg,Silence: In the Age of Noise,"Kagge, Erling",to-read,0241981379,9780241981375,B073XL3DTX,131.0,3.77,12812,2016,2017,Write a review,0,not set[edit],,2022-10-02,36243813,https://www.goodreads.com/book/show/36243813-silence,
https://i.gr-assets.com/images/S/compressed.photo.goodreads.com/books/1348786731l/1800287.jpg,The Biggest Bear,"Ward, Lynd",to-read,0395148065,9780395148068,B002E66YX0,88.0,4.04,4856,1952,1980,Write a review,0,not set[edit],,2022-11-12,1800287,https://www.goodreads.com/book/show/1800287.The_Biggest_Bear,
https://i.gr-assets.com/images/S/compressed.photo.goodreads.com/books/1486398745l/31869155.jpg,The Captain Class: The Hidden Force that Creates the World's Greatest Teams,"Walker, Sam",to-read,0812997190,9780812997194,0812997190,352.0,4.02,4063,2016,2017,Write a review,0,not set[edit],,2023-01-05,31869155,https://www.goodreads.com/book/show/31869155-the-captain-class,
https://i.gr-assets.com/images/S/compressed.photo.goodreads.com/books/1619543879l/55918690.jpg,Becoming Trader Joe: How I Did Business My Way and Still Beat the Big Guys,"Coulombe, Joe",to-read,1400225434,9781400225439,1400225434,288.0,3.45,4171,2021,2021,Write a review,0,not set[edit],,2023-01-20,55918690,https://www.goodreads.com/book/show/55918690-becoming-trader-joe,
https://i.gr-assets.com/images/S/compressed.photo.goodreads.com/books/1344922523l/1953.jpg,A Tale of Two Cities,"Dickens, Charles",to-read,0141439602,9780141439600,0141439602,489.0,3.87,990946,1859,2003,Write a review,0,not set[edit],,2023-02-06,1953,https://www.goodreads.com/book/show/1953.A_Tale_of_Two_Cities,
https://i.gr-assets.com/images/S/compressed.photo.goodreads.com/books/1617146646l/44678031.jpg,Yearbook,"Rogen, Seth",to-read,1984825402,9781984825407,1984825402,260.0,4.16,77971,2021,2021,Write a review,0,not set[edit],,2023-02-10,44678031,https://www.goodreads.com/book/show/44678031-yearbook,
https://i.gr-assets.com/images/S/compressed.photo.goodreads.com/books/1542215231l/32603079.jpg,"Wanderers(Wanderers, #1)","Wendig, Chuck",to-read,039918211X,9780399182112,039918211X,845.0,3.98,28727,2019,2019,Write a review,0,not set[edit],,2023-02-19,32603079,https://www.goodreads.com/book/show/32603079-wanderers,
https://i.gr-assets.com/images/S/compressed.photo.goodreads.com/books/1456091964l/28186015.jpg,Weapons of Math Destruction: How Big Data Increases Inequality and Threatens Democracy,"O'Neil, Cathy",to-read,0553418815,9780553418811,0553418815,259.0,3.88,29010,2016,2016,Write a review,0,not set[edit],,2023-02-24,28186015,https://www.goodreads.com/book/show/28186015-weapons-of-math-destruction,
https://i.gr-assets.com/images/S/compressed.photo.goodreads.com/books/1270154842l/7717531.jpg,Getting Naked: A Business Fable about Shedding the Three Fears That Sabotage Client Loyalty,"Lencioni, Patrick",to-read,0470597607,9780470597606,0470597607,240.0,4.20,6102,2002,2009,Write a review,0,not set[edit],,2023-02-27,7717531,https://www.goodreads.com/book/show/7717531-getting-naked,
https://i.gr-assets.com/images/S/compressed.photo.goodreads.com/books/1433591836l/833015.jpg,SPIN Selling: Situation Problem Implication Need-payoff,"Rackham, Neil",to-read,0070511136,9780070511132,0070511136,216.0,4.00,12005,1988,1988,Write a review,0,not set[edit],,2023-05-07,833015,https://www.goodreads.com/book/show/833015.SPIN_Selling,
https://i.gr-assets.com/images/S/compressed.photo.goodreads.com/books/1663707011l/60965426.jpg,The Creative Act: A Way of Being,"Rubin, Rick",to-read,0593652886,9780593652886,0593652886,406.0,4.01,64246,2023,2023,Write a review,0,not set[edit],,2023-05-07,60965426,https://www.goodreads.com/book/show/60965426-the-creative-act,
https://i.gr-assets.com/images/S/compressed.photo.goodreads.com/books/1492187905l/34373814.jpg,The Friendly Orange Glow: The Untold Story of the PLATO System and the Dawn of Cyberculture,"Dear, Brian",to-read,1101871555,9781101871553,1101871555,640.0,4.14,335,2017,2017,Write a review,0,not set[edit],,2023-05-25,34373814,https://www.goodreads.com/book/show/34373814-the-friendly-orange-glow,
https://i.gr-assets.com/images/S/compressed.photo.goodreads.com/books/1746983261l/77566.jpg,"Hyperion(Hyperion Cantos, #1)","Simmons, Dan",to-read,0553283685,9780553283686,0553283685,500.0,4.27,281541,1989,1990,Write a review,0,not set[edit],,2023-05-26,77566,https://www.goodreads.com/book/show/77566.Hyperion,
https://i.gr-assets.com/images/S/compressed.photo.goodreads.com/books/1636820497l/57136758.jpg,The Midrange Theory,"Partnow, Seth",to-read,1629379212,9781629379210,1629379212,288.0,4.11,658,,2021,Write a review,0,not set[edit],,2023-06-12,57136758,https://www.goodreads.com/book/show/57136758-the-midrange-theory,
https://i.gr-assets.com/images/S/compressed.photo.goodreads.com/books/1327864303l/9938498.jpg,"In the Garden of Beasts: Love, Terror, and an American Family in Hitler's Berlin","Larson, Erik",to-read,0307408841,9780307408846,0307408841,448.0,3.89,213359,2011,2011,Write a review,0,not set[edit],,2023-06-28,9938498,https://www.goodreads.com/book/show/9938498-in-the-garden-of-beasts,
https://i.gr-assets.com/images/S/compressed.photo.goodreads.com/books/1347689279l/64341.jpg,The Metamorphosis of Prime Intellect,"Williams, Roger",to-read,1411602196,9781411602199,1411602196,175.0,4.10,4090,2006,2003,Write a review,0,not set[edit],,2023-07-02,64341,https://www.goodreads.com/book/show/64341.The_Metamorphosis_of_Prime_Intellect,
https://i.gr-assets.com/images/S/compressed.photo.goodreads.com/books/1417518099l/23651254.jpg,The German Generals Talk,"Hart, B.H. Liddell",to-read,,,B00QFZ6SAK,320.0,4.02,859,1948,2014,Write a review,0,not set[edit],,2023-08-01,23651254,https://www.goodreads.com/book/show/23651254-the-german-generals-talk,
https://i.gr-assets.com/images/S/compressed.photo.goodreads.com/books/1421618636l/30659.jpg,Meditations,Marcus Aurelius,to-read,0140449337,9780140449334,0140449337,254.0,4.28,311802,,2006,Write a review,0,not set[edit],,2023-10-22,30659,https://www.goodreads.com/book/show/30659.Meditations,
https://i.gr-assets.com/images/S/compressed.photo.goodreads.com/books/1540117500l/36262251.jpg,The Redemption of Time,Baoshu,to-read,1788542207,9781788542203,1788542207,400.0,3.64,9408,2011,2019,Write a review,0,not set[edit],,2023-11-02,36262251,https://www.goodreads.com/book/show/36262251-the-redemption-of-time,
https://i.gr-assets.com/images/S/compressed.photo.goodreads.com/books/1509802323l/3876.jpg,The Sun Also Rises,"Hemingway, Ernest",to-read,,,B005PYJ9S0,189.0,3.79,475353,1926,1957,Write a review,0,not set[edit],,2023-11-04,3876,https://www.goodreads.com/book/show/3876.The_Sun_Also_Rises,
https://i.gr-assets.com/images/S/compressed.photo.goodreads.com/books/1375670575l/18114322.jpg,The Grapes of Wrath,"Steinbeck, John",to-read,067001690X,9780670016907,067001690X,496.0,4.02,963310,1939,2014,Write a review,0,not set[edit],,2023-11-04,18114322,https://www.goodreads.com/book/show/18114322-the-grapes-of-wrath,
https://i.gr-assets.com/images/S/compressed.photo.goodreads.com/books/1581412693l/48989095.jpg,Together: The Healing Power of Human Connection in a Sometimes Lonely World,"Murthy, Vivek",to-read,1094120235,9781094120232,1094120235,1.0,4.23,7812,2020,2020,Write a review,0,not set[edit],,2023-11-16,48989095,https://www.goodreads.com/book/show/48989095-together,
https://i.gr-assets.com/images/S/compressed.photo.goodreads.com/books/1550119148l/43982424.jpg,Leadership in War: Essential Lessons from Those Who Made History,"Roberts, Andrew",to-read,0525522387,9780525522386,0525522387,256.0,3.80,1371,2019,2019,Write a review,0,not set[edit],,2023-11-22,43982424,https://www.goodreads.com/book/show/43982424-leadership-in-war,
https://i.gr-assets.com/images/S/compressed.photo.goodreads.com/books/1451445646l/18143977.jpg,All the Light We Cannot See,"Doerr, Anthony",to-read,1476746583,9781476746586,1476746583,544.0,4.31,1877808,2014,2014,Write a review,0,not set[edit],,2023-12-03,18143977,https://www.goodreads.com/book/show/18143977-all-the-light-we-cannot-see,
https://i.gr-assets.com/images/S/compressed.photo.goodreads.com/books/1348711943l/245474.jpg,The Jewish Century,"Slezkine, Yuri",to-read,0691127603,9780691127606,0691127603,456.0,4.01,365,2004,2006,Write a review,0,not set[edit],,2023-12-04,245474,https://www.goodreads.com/book/show/245474.The_Jewish_Century,
https://i.gr-assets.com/images/S/compressed.photo.goodreads.com/books/1687600746l/180357146.jpg,The Covenant of Water,"Verghese, Abraham",to-read,0802162177,9780802162175,0802162177,715.0,4.42,267849,2023,2025,Write a review,0,not set[edit],,2023-12-08,180357146,https://www.goodreads.com/book/show/180357146-the-covenant-of-water,
https://i.gr-assets.com/images/S/compressed.photo.goodreads.com/books/1683564155l/61885029.jpg,Starter Villain,"Scalzi, John",to-read,0765389223,9780765389220,0765389223,264.0,4.13,79806,2023,2023,Write a review,0,not set[edit],,2023-12-08,61885029,https://www.goodreads.com/book/show/61885029-starter-villain,
https://i.gr-assets.com/images/S/compressed.photo.goodreads.com/books/1381287773l/17070375.jpg,The Palestinian-Israeli Conflict: A Very Short Introduction,"Bunton, Martin",to-read,0199603936,9780199603930,0199603936,160.0,4.04,2217,2013,2013,Write a review,0,not set[edit],,2023-12-14,17070375,https://www.goodreads.com/book/show/17070375-the-palestinian-israeli-conflict,
https://i.gr-assets.com/images/S/compressed.photo.goodreads.com/books/1355212194l/316845.jpg,"The Sword in the Stone(Once and Future King, #1)","White, T.H.",to-read,000675399X,9780006753995,000675399X,352.0,3.89,27734,1938,1998,Write a review,0,not set[edit],,2023-12-24,316845,https://www.goodreads.com/book/show/316845.The_Sword_in_the_Stone,
https://i.gr-assets.com/images/S/compressed.photo.goodreads.com/books/1663357166l/62610160.jpg,Is Maths Real? How Simple Questions Lead Us to Mathematics’ Deepest Truths,"Cheng, Eugenia",to-read,1782839240,9781782839248,B0BB8FF8B2,328.0,3.54,520,,2023,Write a review,0,not set[edit],,2023-12-29,62610160,https://www.goodreads.com/book/show/62610160-is-maths-real-how-simple-questions-lead-us-to-mathematics-deepest-trut,
https://i.gr-assets.com/images/S/compressed.photo.goodreads.com/books/1338504885l/11797471.jpg,The Idea Factory: Bell Labs and the Great Age of American Innovation,"Gertner, Jon",to-read,1594203288,9781594203282,1594203288,432.0,4.20,8375,2012,2012,Write a review,0,not set[edit],,2023-12-29,11797471,https://www.goodreads.com/book/show/11797471-the-idea-factory,
https://i.gr-assets.com/images/S/compressed.photo.goodreads.com/books/1630683326l/10534.jpg,The Art of War,Sun Tzu,to-read,,,B004TVXZ3K,170.0,3.95,543253,,2005,Write a review,0,not set[edit],,2024-02-07,10534,https://www.goodreads.com/book/show/10534.The_Art_of_War,
https://i.gr-assets.com/images/S/compressed.photo.goodreads.com/books/1613837158l/56922093.jpg,"Demystifying Disability: What to Know, What to Say, and How to Be an Ally","Ladau, Emily",to-read,1984858971,9781984858979,1984858971,176.0,4.39,4042,2021,2021,Write a review,0,not set[edit],,2024-02-11,56922093,https://www.goodreads.com/book/show/56922093-demystifying-disability,
https://i.gr-assets.com/images/S/compressed.photo.goodreads.com/books/1655988385l/40121378.jpg,Atomic Habits: An Easy & Proven Way to Build Good Habits & Break Bad Ones,"Clear, James",to-read,,,B07D23CFGR,319.0,4.33,1153270,2018,2018,Write a review,0,not set[edit],,2024-02-22,40121378,https://www.goodreads.com/book/show/40121378-atomic-habits,
https://i.gr-assets.com/images/S/compressed.photo.goodreads.com/books/1600432716l/51942513.jpg,Think Like a Monk: Train Your Mind for Peace and Purpose Every Day,"Shetty, Jay",to-read,1982134488,9781982134488,1982134488,328.0,4.19,80237,2020,2020,Write a review,0,not set[edit],,2024-03-17,51942513,https://www.goodreads.com/book/show/51942513-think-like-a-monk,
https://i.gr-assets.com/images/S/compressed.photo.goodreads.com/books/1433591476l/60509.jpg,Technological Revolutions and Financial Capital: The Dynamics of Bubbles and Golden Ages,"Pérez, Carlota",to-read,1843763311,9781843763314,1843763311,224.0,4.32,649,2002,2003,Write a review,0,not set[edit],,2024-04-04,60509,https://www.goodreads.com/book/show/60509.Technological_Revolutions_and_Financial_Capital,
https://i.gr-assets.com/images/S/compressed.photo.goodreads.com/books/1389934893l/66863.jpg,Only the Paranoid Survive: How to Exploit the Crisis Points that Challenge Every Company and Career,"Grove, Andrew S.",to-read,1861975139,9781861975133,1861975139,224.0,3.97,10113,1996,1998,Write a review,0,not set[edit],,2024-04-17,66863,https://www.goodreads.com/book/show/66863.Only_the_Paranoid_Survive,
https://i.gr-assets.com/images/S/compressed.photo.goodreads.com/books/1377756377l/7604.jpg,Lolita,"Nabokov, Vladimir",to-read,0679723161,9780679723165,0679723161,368.0,3.87,909008,1955,1995,Write a review,0,not set[edit],,2024-04-19,7604,https://www.goodreads.com/book/show/7604.Lolita,
https://i.gr-assets.com/images/S/compressed.photo.goodreads.com/books/1430014768l/78508.jpg,The River of Doubt: Theodore Roosevelt's Darkest Journey,"Millard, Candice",to-read,0767913736,9780767913737,0767913736,416.0,4.20,73691,2005,2006,Write a review,0,not set[edit],,2024-05-17,78508,https://www.goodreads.com/book/show/78508.The_River_of_Doubt,
https://i.gr-assets.com/images/S/compressed.photo.goodreads.com/books/1582287822l/46000520.jpg,"The Thursday Murder Club(Thursday Murder Club, #1)","Osman, Richard",to-read,,,B0DY5BV96J,382.0,3.87,645447,2020,2020,Write a review,0,not set[edit],,2024-06-01,46000520,https://www.goodreads.com/book/show/46000520-the-thursday-murder-club,
https://i.gr-assets.com/images/S/compressed.photo.goodreads.com/books/1180829010l/1081637.jpg,The Road Ahead,"Gates, Bill",to-read,0670772895,9780670772896,0670772895,286.0,3.74,4307,1995,1995,Write a review,0,not set[edit],,2024-06-22,1081637,https://www.goodreads.com/book/show/1081637.The_Road_Ahead,
https://i.gr-assets.com/images/S/compressed.photo.goodreads.com/books/1714172313l/242472.jpg,The Black Swan: The Impact of the Highly Improbable,"Taleb, Nassim Nicholas",to-read,1400063515,9781400063512,1400063515,480.0,3.96,118405,2007,2007,Write a review,0,not set[edit],,2024-07-09,242472,https://www.goodreads.com/book/show/242472.The_Black_Swan,
https://i.gr-assets.com/images/S/compressed.photo.goodreads.com/books/1347262431l/2120575.jpg,"Men, Machines, and Modern Times","Morison, Elting E.",to-read,0262630184,9780262630184,0262630184,246.0,3.85,179,1966,1968,Write a review,0,"Jul 23, 2024[edit]",,2024-07-21,2120575,https://www.goodreads.com/book/show/2120575.Men_Machines_and_Modern_Times,
https://i.gr-assets.com/images/S/compressed.photo.goodreads.com/books/1387722025l/174713.jpg,The Lessons of History,"Durant, Will",to-read,1567310249,9781567310245,1567310249,119.0,4.06,19180,,1997,Write a review,0,"Oct 26, 2024[edit]",,2024-08-08,174713,https://www.goodreads.com/book/show/174713.The_Lessons_of_History,
https://i.gr-assets.com/images/S/compressed.photo.goodreads.com/books/1320399438l/17690.jpg,The Trial,"Kafka, Franz",to-read,,,,255.0,3.95,370409,1925,2001,Write a review,0,not set[edit],,2024-10-20,17690,https://www.goodreads.com/book/show/17690.The_Trial,
https://i.gr-assets.com/images/S/compressed.photo.goodreads.com/books/1348815265l/528985.jpg,She Comes First: The Thinking Man's Guide to Pleasuring a Woman,"Kerner, Ian",to-read,0060538252,9780060538255,0060538252,228.0,4.07,11914,2004,2004,Write a review,0,not set[edit],,2024-11-06,528985,https://www.goodreads.com/book/show/528985.She_Comes_First,
https://i.gr-assets.com/images/S/compressed.photo.goodreads.com/books/1390169859l/3828902.jpg,Thinking In Systems: A Primer,"Meadows, Donella H.",to-read,1603580557,9781603580557,1603580557,218.0,4.19,20252,2008,2008,Write a review,0,"Nov 25, 2024[edit]",,2024-11-15,3828902,https://www.goodreads.com/book/show/3828902-thinking-in-systems,
https://i.gr-assets.com/images/S/compressed.photo.goodreads.com/books/1431014197l/25499718.jpg,"Children of Time(Children of Time, #1)","Tchaikovsky, Adrian",to-read,1447273281,9781447273288,1447273281,608.0,4.30,155100,2015,2015,Write a review,0,not set[edit],,2024-12-22,25499718,https://www.goodreads.com/book/show/25499718-children-of-time,
https://i.gr-assets.com/images/S/compressed.photo.goodreads.com/books/1156897088l/350.jpg,Stranger in a Strange Land,"Heinlein, Robert A.",to-read,,,,525.0,3.92,321971,1961,1991,Write a review,0,not set[edit],,2024-12-27,350,https://www.goodreads.com/book/show/350.Stranger_in_a_Strange_Land,
https://i.gr-assets.com/images/S/compressed.photo.goodreads.com/books/1567623099l/43889703.jpg,The Man Who Solved the Market: How Jim Simons Launched the Quant Revolution,"Zuckerman, Gregory",to-read,0241309727,9780241309728,0241309727,359.0,4.04,16215,2019,2019,Write a review,0,not set[edit],,2025-02-06,43889703,https://www.goodreads.com/book/show/43889703-the-man-who-solved-the-market,
https://i.gr-assets.com/images/S/compressed.photo.goodreads.com/books/1689541792l/158875813.jpg,Prophet Song,"Lynch, Paul",to-read,,,B0DWWF73ZV,259.0,4.05,69962,2023,2023,Write a review,0,not set[edit],,2025-02-14,158875813,https://www.goodreads.com/book/show/158875813-prophet-song,
https://i.gr-assets.com/images/S/compressed.photo.goodreads.com/books/1702893819l/157981748.jpg,Supercommunicators: How to Unlock the Secret Language of Connection,"Duhigg, Charles",to-read,,,,320.0,4.00,29349,2024,2024,Write a review,0,"Mar 04, 2025[edit]",,2025-02-14,157981748,https://www.goodreads.com/book/show/157981748-supercommunicators,
https://i.gr-assets.com/images/S/compressed.photo.goodreads.com/books/1274107046l/4808763.jpg,The Last Question,"Asimov, Isaac",to-read,1884214495,9781884214493,1884214495,9.0,4.53,28500,1956,2007,Write a review,0,not set[edit],,2025-03-08,4808763,https://www.goodreads.com/book/show/4808763-the-last-question,
https://i.gr-assets.com/images/S/compressed.photo.goodreads.com/books/1636369192l/57693457.jpg,"Mickey7(Mickey7, #1)","Ashton, Edward",to-read,1250275032,9781250275035,1250275032,296.0,3.79,39008,2022,2022,Write a review,0,not set[edit],,2025-03-18,57693457,https://www.goodreads.com/book/show/57693457-mickey7,
https://i.gr-assets.com/images/S/compressed.photo.goodreads.com/books/1627895516l/55338968.jpg,The Cold Start Problem: How to Start and Scale Network Effects,"Chen, Andrew",to-read,0062969749,9780062969743,0062969749,386.0,4.19,3469,,2021,Write a review,0,not set[edit],,2025-05-18,55338968,https://www.goodreads.com/book/show/55338968-the-cold-start-problem,
